train_loss,lr_backbone,epoch_seconds,epoch,val_loss,val_top1,val_macro_f1,val_balanced_acc
1.6305592459876364,0.0001,46.13435146200027,1,1.218921241335309,0.5558411882319337,0.19224619421077074,0.18521276730801117
0.8838156545307578,9.698463103929542e-05,45.53529052899967,2,0.7510900030269585,0.7323621822336476,0.6105881330026548,0.5683219362659016
0.5860186199226031,8.83022221559489e-05,46.015050340000016,3,0.6062799371061786,0.7880605541273922,0.6971514848861305,0.6469581725508662
0.45712790865360237,7.500000000000001e-05,46.64173112399976,4,0.5315345025375822,0.81662382176521,0.735644939758118,0.7121123874304583
0.37664460527097304,5.868240888334653e-05,45.650350566999805,5,0.4977033123463367,0.8334761496715224,0.7735069912844587,0.7246536315859775
0.330817070403477,4.131759111665349e-05,46.54508519299998,6,0.4846271168194781,0.8406169665809768,0.7795709372710901,0.7355640351032344
0.3095390228327455,2.500000000000001e-05,46.0334861260003,7,0.4753408731477188,0.8414738646101114,0.7819313950955764,0.7349048182027459
0.2892661696163619,1.1697777844051105e-05,46.02901895800005,8,0.4744268075393561,0.8380462724935732,0.7753991076653203,0.7288457596924827
0.27737818353968424,3.0153689607045845e-06,46.27175130100022,9,0.4505590689042676,0.8500428449014568,0.7937857616510409,0.7609111653976901
0.2792779888685157,0.0,45.42657400100006,10,0.4868256695370646,0.8363324764353042,0.7747877941431249,0.7296112171206919
